怪物卡车爬山,体育类,2024-08-26
最后登机,益智类,2024-08-26
捉小猫咪,敏捷篇,2024-08-26
诡异之门,益智类,2024-08-26
小太空游侠,冒险类,2024-08-26
填补漏洞,敏捷篇,2024-08-26
疯狂的追逐2,体育类,2024-08-26
足球掉进门,益智类,2024-08-26
帮男孩寻出租车,益智类,2024-08-26
寻找主门钥匙,益智类,2024-08-26
登上世界树,敏捷篇,2024-08-26
火箭快爆炸,敏捷篇,2024-08-26
非常堆叠,益智类,2024-08-26
活到最后,益智类,2024-08-26
机器人的抗争,射击类,2024-08-26
救援可爱的小家伙,益智类,2024-08-26
寻找丢失的芒果,益智类,2024-08-26
逃离小破屋,益智类,2024-08-26
太空人头球赛,体育类,2024-08-26
经营食品公司中文版,休闲类,2024-08-25
指尖生肖,休闲类,2024-08-25
胖猫戳气球2,益智类,2024-08-25
儿童食品教育,儿童类,2024-08-25
逃离神秘复活岛,益智类,2024-08-25
指尖蚂蚁,休闲类,2024-08-25
趣味密室大逃脱14,益智类,2024-08-25
梗中梗,益智类,2024-08-25
独眼方块大冒险,冒险类,2024-08-25
兔子逃跑,益智类,2024-08-25
紫禁之城,益智类,2024-08-25
救援香蕉怪盗,益智类,2024-08-25
魔法纸牌接龙,棋牌类,2024-08-25
一起画一画,益智类,2024-08-25
粉猪寻朋友,益智类,2024-08-25
午夜冒险,冒险类,2024-08-25
解救狐猴,益智类,2024-08-25
房屋装修,益智类,2024-08-25
完美的夏日,益智类,2024-08-25
拯救被困的官员,益智类,2024-08-25
沙丘冲浪者,敏捷篇,2024-08-24
逃离多伦多小镇,益智类,2024-08-24
逃离凤凰火山,益智类,2024-08-24
美人鱼连连看闯关版,益智类,2024-08-24
昏暗儿童房逃生216,益智类,2024-08-24
大脚车集拼图,体育类,2024-08-24
趣味密室大逃脱13,益智类,2024-08-24
仙女逃出龙窟,益智类,2024-08-24
救援林蛙,益智类,2024-08-24
逃出神秘的道路,益智类,2024-08-24
探险找妹妹3H5,益智类,2024-08-24
笔记本世界冒险,冒险类,2024-08-24
我要吃金币,敏捷篇,2024-08-24
逃离农场住宅,益智类,2024-08-24
胖妞快跑,敏捷篇,2024-08-24
虚空骑士,动作类,2024-08-24
字母归位,益智类,2024-08-24
趣味密室大逃脱12,益智类,2024-08-24
砖块毁灭者,敏捷篇,2024-08-24
寻找虫名单词,益智类,2024-08-24
气球的旅程,益智类,2024-08-24
神行九歌,休闲类,2024-08-23
困在树屋的爷爷,益智类,2024-08-23
方格与连线,益智类,2024-08-23
冲出丛林深处,益智类,2024-08-23
料理牛排,休闲类,2024-08-23
抓小猪,益智类,2024-08-23
消除3d组合麻将,益智类,2024-08-23
逃离神秘的废弃之地2,益智类,2024-08-23
救援战俘,益智类,2024-08-23
午夜歌舞表演,益智类,2024-08-23
寂静的堡垒,益智类,2024-08-23
酱汁分类,益智类,2024-08-23
姐妹去生日派对,装扮类,2024-08-23
双人对决,休闲类,2024-08-23
恐龙对战,休闲类,2024-08-23
趣味密室大逃脱11,益智类,2024-08-23
神秘沙漠屋逃脱,益智类,2024-08-23
逃离大自然的景观,益智类,2024-08-23
淘气的少年,敏捷篇,2024-08-23
狐狸英雄,休闲类,2024-08-23
人机对战,射击类,2024-08-23
白蛇雷劫,策略类,2024-08-22
咸鱼的内卷人生,休闲类,2024-08-22
趣味密室大逃脱10,益智类,2024-08-22
救出小娃娃,益智类,2024-08-22
营救掉坑的女孩,益智类,2024-08-22
疯狂城市车赛,体育类,2024-08-22
逗小猴开心系列898,益智类,2024-08-22
旗开得胜,益智类,2024-08-22
地下街头狂飙,体育类,2024-08-22
救援植物精,益智类,2024-08-22
龙之巢穴中的忍者,冒险类,2024-08-22
逃离近岸波,益智类,2024-08-22
银星驾驶员,体育类,2024-08-22
拯救被锁的爷爷,益智类,2024-08-22
一起对对碰,益智类,2024-08-22
守护恐龙,敏捷篇,2024-08-22
茉莉爱美容,装扮类,2024-08-22
爷爷的杂物,益智类,2024-08-22
我的长剑80米,敏捷篇,2024-08-22
逃出无人的学校,益智类,2024-08-22
中毒男子逃脱,益智类,2024-08-22
壮观的冰宫,益智类,2024-08-22
一个都不留,射击类,2024-08-22
妖精王传说,策略类,2024-08-22
坡道汽车竞技赛,体育类,2024-08-22
摧毁敌人基地,体育类,2024-08-21
招财猫爱糖果,益智类,2024-08-21
滑板高手3D,敏捷篇,2024-08-21
逃离大城堡,益智类,2024-08-21
水果故事,益智类,2024-08-21
寻找危险的蚊子,益智类,2024-08-21
甜甜的水果酱,益智类,2024-08-21
独眼怪向上跳,敏捷篇,2024-08-21
像素疯狂摩托,体育类,2024-08-21
营救护士,益智类,2024-08-21
逃离简易房屋200,益智类,2024-08-21
小柴犬去休息,益智类,2024-08-21
逃离黄金家园,益智类,2024-08-21
拯救被关的女孩,益智类,2024-08-21
勇闯深渊地牢,策略类,2024-08-21
果冻飞溅粉碎,益智类,2024-08-21
寻找奶昔,益智类,2024-08-21
火柴人合力逃脱,冒险类,2024-08-21
生命圣殿,冒险类,2024-08-21
海盗故事寻物品,益智类,2024-08-21
趣味密室大逃脱9,益智类,2024-08-21
经营咖啡店铺,模拟经营,2024-08-21
救援开心的鹿,益智类,2024-08-21
马戏团独轮表演2,敏捷篇,2024-08-21
穿过那道墙,敏捷篇,2024-08-20
逗小猴开心系列897,益智类,2024-08-20
蘑菇冒险,冒险类,2024-08-20
林中黄昏,益智类,2024-08-20
逃出河边的小屋,益智类,2024-08-20
神秘沙漠大逃脱,益智类,2024-08-20
大型坦克对战,射击类,2024-08-20
逃出经典的房子,益智类,2024-08-20
完美单品,益智类,2024-08-20
交易珍宝,益智类,2024-08-20
逃出沙漠废墟,益智类,2024-08-20
寻找番茄酱,益智类,2024-08-20
拳击大师,动作类,2024-08-20
竞技场的对决,射击类,2024-08-20
趣味水球大战,敏捷篇,2024-08-20
沼泽森林之谜,益智类,2024-08-20
寻找最后的出口,益智类,2024-08-20
超级生存大战,射击类,2024-08-20
寻回自行车钥匙,益智类,2024-08-20
逃离这片森林,益智类,2024-08-20
彩光通道,益智类,2024-08-20
经典的国际象棋,棋牌类,2024-08-20
算数怪人,益智类,2024-08-20
4399三国快打,动作类,2024-08-19
怒剑传说,策略类,2024-08-19
昏暗儿童房逃生215,益智类,2024-08-19
寻回拖拉机钥匙,益智类,2024-08-19
火柴人闯像素世界6,冒险类,2024-08-19
动物排球赛,体育类,2024-08-19
有趣的双人网球,敏捷篇,2024-08-19
像素块拼图,益智类,2024-08-19
趣味密室大逃脱8,益智类,2024-08-19
逃离自然保护区,益智类,2024-08-19
营救可怜的骆驼,益智类,2024-08-19
乌龟对对碰,益智类,2024-08-19
寻松鼠食物,益智类,2024-08-19
驾车小动物拼图,益智类,2024-08-19
钻机能手,休闲类,2024-08-19
冒险的女王,冒险类,2024-08-19
寻找男孩的小狗,益智类,2024-08-19
救援智慧的首领,益智类,2024-08-19
救援亲爱的学生,益智类,2024-08-19
狂野西部逃脱,益智类,2024-08-19
单色麻将连连看,益智类,2024-08-19
逃离简易房屋199,益智类,2024-08-19
头都大了,敏捷篇,2024-08-18
阿sue礼物派送H5,敏捷篇,2024-08-18
古埃及之谜,益智类,2024-08-18
解救可爱的小猫,益智类,2024-08-18
抖个腿子,益智类,2024-08-18
救出沙漠啮齿动物,益智类,2024-08-18
梦回仙境,益智类,2024-08-18
夏威夷风情酒吧,益智类,2024-08-18
沙漠国王王后救援,益智类,2024-08-18
女面包师逃脱,益智类,2024-08-18
女巫冒险,冒险类,2024-08-18
逃离塔尔沙漠,益智类,2024-08-18
神秘的破屋逃脱,益智类,2024-08-18
高尔夫障碍挑战,敏捷篇,2024-08-18
救援神龙,益智类,2024-08-18
巨鲨的称霸之战,射击类,2024-08-18
救援快乐的德拉科,益智类,2024-08-18
制作化妆盒蛋糕,休闲类,2024-08-18
小猪一家拼图,益智类,2024-08-18
万圣节包包记忆卡,益智类,2024-08-18
机器人空间站冒险,冒险类,2024-08-17
点亮温度计网格,益智类,2024-08-17
趣味密室大逃脱7,益智类,2024-08-17
诅咒矿山,益智类,2024-08-17
拯救被河困住的羊,益智类,2024-08-17
逃离职工居住区,益智类,2024-08-17
救援愤怒的小孩,益智类,2024-08-17
珍贵的发现,益智类,2024-08-17
摩托车手竞赛,体育类,2024-08-17
看不见的未来,益智类,2024-08-17
一起找不同,益智类,2024-08-17
糖果世界逃脱,益智类,2024-08-17
